team_name,game_date,season,period,minutes_remaining,seconds_remaining,shot_made_flag,action_type,shot_type,shot_distance,opponent,x,y,name,minute
Golden State Warriors,3/5/2017,2016,3,7,50,shot_yes,Alley Oop Layup shot,2PT Field Goal,1,New York Knicks,17,2,Draymond Green,29
Golden State Warriors,12/30/2016,2016,3,7,48,shot_yes,Alley Oop Layup shot,2PT Field Goal,1,Dallas Mavericks,9,7,Draymond Green,29
Golden State Warriors,1/16/2017,2016,1,9,6,shot_yes,Alley Oop Layup shot,2PT Field Goal,1,Cleveland Cavaliers,4,11,Draymond Green,3
Golden State Warriors,12/7/2016,2016,2,0,43,shot_yes,Cutting Dunk Shot,2PT Field Goal,0,Los Angeles Clippers,0,1,Draymond Green,24
Golden State Warriors,11/19/2016,2016,1,8,43,shot_yes,Cutting Dunk Shot,2PT Field Goal,0,Milwaukee Bucks,0,1,Draymond Green,4
Golden State Warriors,1/22/2017,2016,3,9,27,shot_yes,Cutting Dunk Shot,2PT Field Goal,0,Orlando Magic,0,1,Draymond Green,27
Golden State Warriors,11/4/2016,2016,4,6,6,shot_yes,Cutting Dunk Shot,2PT Field Goal,0,Los Angeles Lakers,0,1,Draymond Green,42
Golden State Warriors,3/16/2017,2016,3,1,20,shot_yes,Cutting Dunk Shot,2PT Field Goal,0,Orlando Magic,0,1,Draymond Green,35
Golden State Warriors,2/4/2017,2016,4,0,57,shot_yes,Cutting Dunk Shot,2PT Field Goal,0,Sacramento Kings,0,1,Draymond Green,48
Golden State Warriors,12/20/2016,2016,3,3,22,shot_yes,Cutting Dunk Shot,2PT Field Goal,0,Utah Jazz,0,1,Draymond Green,33
Golden State Warriors,1/2/2017,2016,1,10,50,shot_yes,Cutting Dunk Shot,2PT Field Goal,0,Denver Nuggets,0,1,Draymond Green,2
Golden State Warriors,12/25/2016,2016,4,1,31,shot_yes,Cutting Dunk Shot,2PT Field Goal,0,Cleveland Cavaliers,0,1,Draymond Green,47
Golden State Warriors,11/21/2016,2016,1,8,13,shot_yes,Cutting Dunk Shot,2PT Field Goal,0,Indiana Pacers,0,1,Draymond Green,4
Golden State Warriors,1/20/2017,2016,2,2,22,shot_yes,Cutting Dunk Shot,2PT Field Goal,0,Houston Rockets,0,1,Draymond Green,22
Golden State Warriors,2/27/2017,2016,1,5,36,shot_yes,Cutting Dunk Shot,2PT Field Goal,0,Philadelphia 76ers,0,1,Draymond Green,7
Golden State Warriors,11/16/2016,2016,2,3,43,shot_yes,Cutting Dunk Shot,2PT Field Goal,0,Toronto Raptors,0,1,Draymond Green,21
Golden State Warriors,2/27/2017,2016,4,4,21,shot_yes,Cutting Dunk Shot,2PT Field Goal,0,Philadelphia 76ers,0,1,Draymond Green,44
Golden State Warriors,11/9/2016,2016,4,8,48,shot_yes,Cutting Dunk Shot,2PT Field Goal,0,Dallas Mavericks,0,1,Draymond Green,40
Golden State Warriors,12/7/2016,2016,1,6,31,shot_yes,Cutting Dunk Shot,2PT Field Goal,0,Los Angeles Clippers,0,1,Draymond Green,6
Golden State Warriors,3/28/2017,2016,1,9,6,shot_yes,Cutting Dunk Shot,2PT Field Goal,0,Houston Rockets,0,1,Draymond Green,3
Golden State Warriors,3/20/2017,2016,3,9,8,n,Cutting Dunk Shot,2PT Field Goal,0,Oklahoma City Thunder,0,1,Draymond Green,27
Golden State Warriors,3/18/2017,2016,1,1,7,shot_yes,Cutting Dunk Shot,2PT Field Goal,0,Milwaukee Bucks,0,1,Draymond Green,11
Golden State Warriors,11/19/2016,2016,1,8,19,shot_yes,Cutting Dunk Shot,2PT Field Goal,0,Milwaukee Bucks,0,1,Draymond Green,4
Golden State Warriors,10/30/2016,2016,1,1,58,shot_yes,Cutting Dunk Shot,2PT Field Goal,0,Phoenix Suns,0,1,Draymond Green,11
Golden State Warriors,3/21/2017,2016,2,3,24,shot_yes,Cutting Dunk Shot,2PT Field Goal,0,Dallas Mavericks,0,1,Draymond Green,21
Golden State Warriors,12/25/2016,2016,2,8,48,shot_yes,Cutting Layup Shot,2PT Field Goal,0,Cleveland Cavaliers,-6,7,Draymond Green,16
Golden State Warriors,1/25/2017,2016,3,6,54,shot_yes,Cutting Layup Shot,2PT Field Goal,1,Charlotte Hornets,-17,2,Draymond Green,30
Golden State Warriors,11/13/2016,2016,4,2,39,shot_yes,Cutting Layup Shot,2PT Field Goal,0,Phoenix Suns,1,8,Draymond Green,46
Golden State Warriors,10/25/2016,2016,1,9,28,n,Cutting Layup Shot,2PT Field Goal,1,San Antonio Spurs,-19,3,Draymond Green,3
Golden State Warriors,12/15/2016,2016,3,9,39,shot_yes,Cutting Layup Shot,2PT Field Goal,1,New York Knicks,0,13,Draymond Green,27
Golden State Warriors,1/29/2017,2016,1,6,16,shot_yes,Cutting Layup Shot,2PT Field Goal,1,Portland Trail Blazers,-15,-1,Draymond Green,6
Golden State Warriors,1/2/2017,2016,4,0,53,shot_yes,Cutting Layup Shot,2PT Field Goal,2,Denver Nuggets,6,21,Draymond Green,48
Golden State Warriors,12/28/2016,2016,3,7,14,shot_yes,Cutting Layup Shot,2PT Field Goal,0,Toronto Raptors,4,8,Draymond Green,29
Golden State Warriors,2/11/2017,2016,2,10,37,shot_yes,Cutting Layup Shot,2PT Field Goal,1,Oklahoma City Thunder,-19,-6,Draymond Green,14
Golden State Warriors,11/9/2016,2016,1,2,15,shot_yes,Cutting Layup Shot,2PT Field Goal,1,Dallas Mavericks,1,11,Draymond Green,10
Golden State Warriors,2/10/2017,2016,2,3,16,shot_yes,Cutting Layup Shot,2PT Field Goal,0,Memphis Grizzlies,-9,2,Draymond Green,21
Golden State Warriors,10/25/2016,2016,2,6,14,shot_yes,Cutting Layup Shot,2PT Field Goal,1,San Antonio Spurs,4,16,Draymond Green,18
Golden State Warriors,11/25/2016,2016,1,4,14,shot_yes,Cutting Layup Shot,2PT Field Goal,2,Los Angeles Lakers,-21,-2,Draymond Green,8
Golden State Warriors,12/28/2016,2016,2,4,16,shot_yes,Cutting Layup Shot,2PT Field Goal,0,Toronto Raptors,-6,7,Draymond Green,20
Golden State Warriors,12/7/2016,2016,3,11,38,shot_yes,Cutting Layup Shot,2PT Field Goal,2,Los Angeles Clippers,12,16,Draymond Green,25
Golden State Warriors,11/25/2016,2016,2,6,17,n,Cutting Layup Shot,2PT Field Goal,2,Los Angeles Lakers,1,21,Draymond Green,18
Golden State Warriors,1/18/2017,2016,1,7,54,n,Cutting Layup Shot,2PT Field Goal,2,Oklahoma City Thunder,-16,21,Draymond Green,5
Golden State Warriors,12/5/2016,2016,3,3,40,shot_yes,Cutting Layup Shot,2PT Field Goal,1,Indiana Pacers,-2,13,Draymond Green,33
Golden State Warriors,11/7/2016,2016,1,4,1,shot_yes,Cutting Layup Shot,2PT Field Goal,1,New Orleans Pelicans,1,16,Draymond Green,8
Golden State Warriors,12/1/2016,2016,1,5,41,shot_yes,Cutting Layup Shot,2PT Field Goal,1,Houston Rockets,-7,13,Draymond Green,7
Golden State Warriors,2/1/2017,2016,4,10,36,n,Driving Bank Hook Shot,2PT Field Goal,7,Charlotte Hornets,64,38,Draymond Green,38
Golden State Warriors,11/13/2016,2016,1,3,52,n,Driving Bank shot,2PT Field Goal,6,Phoenix Suns,53,43,Draymond Green,9
Golden State Warriors,12/20/2016,2016,1,6,47,n,Driving Bank shot,2PT Field Goal,10,Utah Jazz,92,46,Draymond Green,6
Golden State Warriors,3/31/2017,2016,2,3,5,shot_yes,Driving Bank shot,2PT Field Goal,4,Houston Rockets,-9,46,Draymond Green,21
Golden State Warriors,12/30/2016,2016,1,5,57,shot_yes,Driving Bank shot,2PT Field Goal,3,Dallas Mavericks,-9,31,Draymond Green,7
Golden State Warriors,11/7/2016,2016,4,5,17,shot_yes,Driving Bank shot,2PT Field Goal,7,New Orleans Pelicans,12,77,Draymond Green,43
Golden State Warriors,4/4/2017,2016,2,4,56,shot_yes,Driving Dunk Shot,2PT Field Goal,0,Minnesota Timberwolves,0,1,Draymond Green,20
Golden State Warriors,2/28/2017,2016,2,4,16,shot_yes,Driving Dunk Shot,2PT Field Goal,0,Washington Wizards,0,1,Draymond Green,20
Golden State Warriors,1/2/2017,2016,2,3,42,shot_yes,Driving Dunk Shot,2PT Field Goal,0,Denver Nuggets,0,1,Draymond Green,21
Golden State Warriors,12/1/2016,2016,4,4,7,shot_yes,Driving Dunk Shot,2PT Field Goal,0,Houston Rockets,0,1,Draymond Green,44
Golden State Warriors,2/11/2017,2016,4,10,15,n,Driving Dunk Shot,2PT Field Goal,0,Oklahoma City Thunder,0,1,Draymond Green,38
Golden State Warriors,2/10/2017,2016,4,10,11,n,Driving Dunk Shot,2PT Field Goal,0,Memphis Grizzlies,4,2,Draymond Green,38
Golden State Warriors,3/18/2017,2016,2,4,43,shot_yes,Driving Dunk Shot,2PT Field Goal,0,Milwaukee Bucks,0,1,Draymond Green,20
Golden State Warriors,2/8/2017,2016,2,0,8,shot_yes,Driving Dunk Shot,2PT Field Goal,0,Chicago Bulls,0,1,Draymond Green,24
Golden State Warriors,3/16/2017,2016,2,8,57,shot_yes,Driving Dunk Shot,2PT Field Goal,0,Orlando Magic,0,1,Draymond Green,16
Golden State Warriors,3/31/2017,2016,1,7,7,shot_yes,Driving Dunk Shot,2PT Field Goal,0,Houston Rockets,0,1,Draymond Green,5
Golden State Warriors,2/27/2017,2016,3,11,44,n,Driving Dunk Shot,2PT Field Goal,0,Philadelphia 76ers,0,1,Draymond Green,25
Golden State Warriors,2/23/2017,2016,4,11,43,shot_yes,Driving Dunk Shot,2PT Field Goal,0,Los Angeles Clippers,0,1,Draymond Green,37
Golden State Warriors,11/28/2016,2016,1,5,32,shot_yes,Driving Dunk Shot,2PT Field Goal,0,Atlanta Hawks,0,1,Draymond Green,7
Golden State Warriors,12/25/2016,2016,3,2,59,shot_yes,Driving Dunk Shot,2PT Field Goal,0,Cleveland Cavaliers,0,1,Draymond Green,34
Golden State Warriors,1/18/2017,2016,4,3,20,shot_yes,Driving Dunk Shot,2PT Field Goal,0,Oklahoma City Thunder,0,1,Draymond Green,45
Golden State Warriors,1/16/2017,2016,4,6,59,n,Driving Dunk Shot,2PT Field Goal,0,Cleveland Cavaliers,0,1,Draymond Green,42
Golden State Warriors,12/30/2016,2016,3,5,17,shot_yes,Driving Dunk Shot,2PT Field Goal,0,Dallas Mavericks,0,1,Draymond Green,31
Golden State Warriors,3/29/2017,2016,1,11,21,n,Driving Finger Roll Layup Shot,2PT Field Goal,0,San Antonio Spurs,6,-1,Draymond Green,1
Golden State Warriors,4/4/2017,2016,2,0,48,shot_yes,Driving Finger Roll Layup Shot,2PT Field Goal,2,Minnesota Timberwolves,-7,21,Draymond Green,24
Golden State Warriors,2/28/2017,2016,3,10,29,shot_yes,Driving Finger Roll Layup Shot,2PT Field Goal,0,Washington Wizards,6,2,Draymond Green,26
Golden State Warriors,11/7/2016,2016,1,11,45,n,Driving Floating Jump Shot,2PT Field Goal,3,New Orleans Pelicans,22,31,Draymond Green,1
Golden State Warriors,11/16/2016,2016,1,10,11,shot_yes,Driving Floating Jump Shot,2PT Field Goal,4,Toronto Raptors,32,38,Draymond Green,2
Golden State Warriors,10/30/2016,2016,2,2,2,n,Driving Floating Jump Shot,2PT Field Goal,5,Phoenix Suns,42,36,Draymond Green,22
Golden State Warriors,3/28/2017,2016,4,4,11,shot_yes,Driving Floating Jump Shot,2PT Field Goal,9,Houston Rockets,19,90,Draymond Green,44
Golden State Warriors,3/2/2017,2016,3,6,57,shot_yes,Driving Floating Jump Shot,2PT Field Goal,11,Chicago Bulls,19,111,Draymond Green,30
Golden State Warriors,2/11/2017,2016,3,0,25,n,Driving Floating Jump Shot,2PT Field Goal,7,Oklahoma City Thunder,-9,70,Draymond Green,36
Golden State Warriors,11/18/2016,2016,3,4,18,n,Driving Floating Jump Shot,2PT Field Goal,12,Boston Celtics,-119,21,Draymond Green,32
Golden State Warriors,12/15/2016,2016,3,7,58,n,Driving Floating Jump Shot,2PT Field Goal,5,New York Knicks,-11,56,Draymond Green,29
Golden State Warriors,4/4/2017,2016,1,6,12,n,Driving Floating Jump Shot,2PT Field Goal,6,Minnesota Timberwolves,-9,67,Draymond Green,6
Golden State Warriors,11/16/2016,2016,4,2,50,n,Driving Floating Jump Shot,2PT Field Goal,5,Toronto Raptors,-14,56,Draymond Green,46
Golden State Warriors,11/13/2016,2016,1,4,17,shot_yes,Driving Floating Jump Shot,2PT Field Goal,8,Phoenix Suns,4,82,Draymond Green,8
Golden State Warriors,10/30/2016,2016,4,8,17,n,Driving Floating Jump Shot,2PT Field Goal,5,Phoenix Suns,10,51,Draymond Green,40
Golden State Warriors,12/25/2016,2016,4,3,49,shot_yes,Driving Floating Jump Shot,2PT Field Goal,7,Cleveland Cavaliers,-58,41,Draymond Green,45
Golden State Warriors,11/16/2016,2016,3,3,56,n,Driving Hook Shot,2PT Field Goal,5,Toronto Raptors,-29,51,Draymond Green,33
Golden State Warriors,11/10/2016,2016,3,0,44,n,Driving Hook Shot,2PT Field Goal,2,Denver Nuggets,1,26,Draymond Green,36
Golden State Warriors,3/16/2017,2016,2,0,26,shot_yes,Driving Hook Shot,2PT Field Goal,8,Orlando Magic,4,80,Draymond Green,24
Golden State Warriors,3/24/2017,2016,3,11,34,shot_yes,Driving Layup Shot,2PT Field Goal,2,Sacramento Kings,-19,23,Draymond Green,25
Golden State Warriors,12/1/2016,2016,1,6,5,shot_yes,Driving Layup Shot,2PT Field Goal,2,Houston Rockets,6,21,Draymond Green,6
Golden State Warriors,1/16/2017,2016,2,11,34,shot_yes,Driving Layup Shot,2PT Field Goal,1,Cleveland Cavaliers,2,13,Draymond Green,13
Golden State Warriors,3/18/2017,2016,4,5,47,n,Driving Layup Shot,2PT Field Goal,2,Milwaukee Bucks,-12,21,Draymond Green,43
Golden State Warriors,3/2/2017,2016,3,1,25,shot_yes,Driving Layup Shot,2PT Field Goal,0,Chicago Bulls,2,7,Draymond Green,35
Golden State Warriors,2/11/2017,2016,2,2,29,n,Driving Layup Shot,2PT Field Goal,2,Oklahoma City Thunder,28,3,Draymond Green,22
Golden State Warriors,11/21/2016,2016,3,9,15,shot_yes,Driving Layup Shot,2PT Field Goal,2,Indiana Pacers,12,16,Draymond Green,27
Golden State Warriors,3/2/2017,2016,1,0,56,n,Driving Layup Shot,2PT Field Goal,2,Chicago Bulls,22,16,Draymond Green,12
Golden State Warriors,2/11/2017,2016,4,4,44,n,Driving Layup Shot,2PT Field Goal,0,Oklahoma City Thunder,1,-6,Draymond Green,44
Golden State Warriors,2/13/2017,2016,2,8,53,n,Driving Layup Shot,2PT Field Goal,2,Denver Nuggets,22,16,Draymond Green,16
Golden State Warriors,3/6/2017,2016,1,9,57,shot_yes,Driving Layup Shot,2PT Field Goal,2,Atlanta Hawks,19,7,Draymond Green,3
Golden State Warriors,10/25/2016,2016,1,2,58,shot_yes,Driving Layup Shot,2PT Field Goal,1,San Antonio Spurs,-16,11,Draymond Green,10
Golden State Warriors,1/8/2017,2016,4,10,40,shot_yes,Driving Layup Shot,2PT Field Goal,1,Sacramento Kings,10,11,Draymond Green,38
Golden State Warriors,3/28/2017,2016,3,10,52,shot_yes,Driving Layup Shot,2PT Field Goal,2,Houston Rockets,20,7,Draymond Green,26
Golden State Warriors,1/6/2017,2016,4,6,47,n,Driving Layup Shot,2PT Field Goal,2,Memphis Grizzlies,-17,21,Draymond Green,42
Golden State Warriors,1/29/2017,2016,4,2,50,n,Driving Layup Shot,2PT Field Goal,2,Portland Trail Blazers,25,13,Draymond Green,46
Golden State Warriors,11/28/2016,2016,4,6,55,n,Driving Layup Shot,2PT Field Goal,1,Atlanta Hawks,6,13,Draymond Green,42
Golden State Warriors,2/1/2017,2016,2,1,47,shot_yes,Driving Layup Shot,2PT Field Goal,1,Charlotte Hornets,1,11,Draymond Green,23
Golden State Warriors,12/8/2016,2016,1,9,37,n,Driving Layup Shot,2PT Field Goal,2,Utah Jazz,27,7,Draymond Green,3
Golden State Warriors,11/18/2016,2016,4,1,29,n,Driving Layup Shot,2PT Field Goal,1,Boston Celtics,-14,11,Draymond Green,47
Golden State Warriors,12/1/2016,2016,2,2,17,shot_yes,Driving Layup Shot,2PT Field Goal,1,Houston Rockets,10,7,Draymond Green,22
Golden State Warriors,11/16/2016,2016,2,0,31,n,Driving Layup Shot,2PT Field Goal,2,Toronto Raptors,-20,18,Draymond Green,24
Golden State Warriors,3/14/2017,2016,4,3,7,n,Driving Layup Shot,2PT Field Goal,1,Philadelphia 76ers,14,13,Draymond Green,45
Golden State Warriors,11/4/2016,2016,4,6,35,n,Driving Layup Shot,2PT Field Goal,2,Los Angeles Lakers,0,21,Draymond Green,42
Golden State Warriors,12/8/2016,2016,3,4,27,n,Driving Layup Shot,2PT Field Goal,3,Utah Jazz,32,8,Draymond Green,32
Golden State Warriors,3/5/2017,2016,2,1,34,shot_yes,Driving Layup Shot,2PT Field Goal,1,New York Knicks,10,-1,Draymond Green,23
Golden State Warriors,10/30/2016,2016,3,10,51,n,Driving Layup Shot,2PT Field Goal,1,Phoenix Suns,4,16,Draymond Green,26
Golden State Warriors,3/14/2017,2016,2,4,45,shot_yes,Driving Layup Shot,2PT Field Goal,0,Philadelphia 76ers,2,8,Draymond Green,20
Golden State Warriors,1/20/2017,2016,3,11,51,shot_yes,Driving Layup Shot,2PT Field Goal,3,Houston Rockets,-38,11,Draymond Green,25
Golden State Warriors,3/16/2017,2016,3,7,26,shot_yes,Driving Layup Shot,2PT Field Goal,0,Orlando Magic,1,3,Draymond Green,29
Golden State Warriors,3/5/2017,2016,4,10,8,shot_yes,Driving Layup Shot,2PT Field Goal,1,New York Knicks,-19,3,Draymond Green,38
Golden State Warriors,12/30/2016,2016,2,4,8,shot_yes,Driving Layup Shot,2PT Field Goal,0,Dallas Mavericks,4,3,Draymond Green,20
Golden State Warriors,3/2/2017,2016,1,8,54,n,Driving Layup Shot,2PT Field Goal,2,Chicago Bulls,-27,11,Draymond Green,4
Golden State Warriors,12/23/2016,2016,4,1,31,shot_yes,Dunk Shot,2PT Field Goal,0,Detroit Pistons,0,1,Draymond Green,47
Golden State Warriors,12/7/2016,2016,3,7,7,shot_yes,Dunk Shot,2PT Field Goal,0,Los Angeles Clippers,0,1,Draymond Green,29
Golden State Warriors,2/4/2017,2016,4,11,23,shot_yes,Dunk Shot,2PT Field Goal,0,Sacramento Kings,0,1,Draymond Green,37
Golden State Warriors,3/28/2017,2016,2,2,7,shot_yes,Dunk Shot,2PT Field Goal,0,Houston Rockets,0,1,Draymond Green,22
Golden State Warriors,1/28/2017,2016,2,2,1,shot_yes,Dunk Shot,2PT Field Goal,0,Los Angeles Clippers,0,1,Draymond Green,22
Golden State Warriors,12/25/2016,2016,4,6,31,shot_yes,Dunk Shot,2PT Field Goal,0,Cleveland Cavaliers,0,1,Draymond Green,42
Golden State Warriors,1/18/2017,2016,3,9,57,shot_yes,Dunk Shot,2PT Field Goal,0,Oklahoma City Thunder,0,1,Draymond Green,27
Golden State Warriors,11/25/2016,2016,3,7,16,shot_yes,Dunk Shot,2PT Field Goal,0,Los Angeles Lakers,0,1,Draymond Green,29
Golden State Warriors,11/9/2016,2016,2,2,53,n,Fadeaway Bank shot,2PT Field Goal,14,Dallas Mavericks,128,72,Draymond Green,22
Golden State Warriors,1/20/2017,2016,4,11,26,n,Fadeaway Jump Shot,2PT Field Goal,10,Houston Rockets,105,3,Draymond Green,37
Golden State Warriors,2/25/2017,2016,3,11,44,n,Fadeaway Jump Shot,2PT Field Goal,17,Brooklyn Nets,128,121,Draymond Green,25
Golden State Warriors,2/23/2017,2016,1,11,9,n,Fadeaway Jump Shot,2PT Field Goal,8,Los Angeles Clippers,-73,46,Draymond Green,1
Golden State Warriors,11/4/2016,2016,2,5,22,shot_yes,Finger Roll Layup Shot,2PT Field Goal,1,Los Angeles Lakers,-15,1,Draymond Green,19
Golden State Warriors,12/25/2016,2016,3,6,29,shot_yes,Finger Roll Layup Shot,2PT Field Goal,0,Cleveland Cavaliers,-4,-5,Draymond Green,30
Golden State Warriors,12/20/2016,2016,2,4,40,shot_yes,Floating Jump shot,2PT Field Goal,12,Utah Jazz,2,120,Draymond Green,20
Golden State Warriors,11/9/2016,2016,1,11,39,n,Floating Jump shot,2PT Field Goal,9,Dallas Mavericks,-1,97,Draymond Green,1
Golden State Warriors,1/28/2017,2016,2,10,35,n,Floating Jump shot,2PT Field Goal,10,Los Angeles Clippers,6,105,Draymond Green,14
Golden State Warriors,3/6/2017,2016,3,4,54,n,Floating Jump shot,2PT Field Goal,3,Atlanta Hawks,33,13,Draymond Green,32
Golden State Warriors,3/26/2017,2016,3,0,33,n,Floating Jump shot,2PT Field Goal,10,Memphis Grizzlies,-91,51,Draymond Green,36
Golden State Warriors,3/24/2017,2016,2,1,56,shot_yes,Floating Jump shot,2PT Field Goal,6,Sacramento Kings,2,65,Draymond Green,23
Golden State Warriors,1/6/2017,2016,2,5,52,shot_yes,Floating Jump shot,2PT Field Goal,12,Memphis Grizzlies,91,90,Draymond Green,19
Golden State Warriors,10/25/2016,2016,2,7,22,n,Floating Jump shot,2PT Field Goal,6,San Antonio Spurs,-1,61,Draymond Green,17
Golden State Warriors,11/28/2016,2016,3,6,33,n,Floating Jump shot,2PT Field Goal,4,Atlanta Hawks,-1,47,Draymond Green,30
Golden State Warriors,11/7/2016,2016,4,3,51,n,Floating Jump shot,2PT Field Goal,9,New Orleans Pelicans,89,39,Draymond Green,45
Golden State Warriors,11/16/2016,2016,4,4,1,n,Floating Jump shot,2PT Field Goal,6,Toronto Raptors,9,61,Draymond Green,44
Golden State Warriors,12/1/2016,2016,4,7,5,n,Floating Jump shot,2PT Field Goal,10,Houston Rockets,-63,90,Draymond Green,41
Golden State Warriors,3/31/2017,2016,1,6,16,n,Floating Jump shot,2PT Field Goal,12,Houston Rockets,46,111,Draymond Green,6
Golden State Warriors,3/20/2017,2016,1,11,9,n,Floating Jump shot,2PT Field Goal,15,Oklahoma City Thunder,-155,-11,Draymond Green,1
Golden State Warriors,11/13/2016,2016,1,6,37,n,Floating Jump shot,2PT Field Goal,14,Phoenix Suns,2,144,Draymond Green,6
Golden State Warriors,11/18/2016,2016,1,1,31,n,Floating Jump shot,2PT Field Goal,8,Boston Celtics,-6,82,Draymond Green,11
Golden State Warriors,11/4/2016,2016,2,5,54,shot_yes,Hook Shot,2PT Field Goal,6,Los Angeles Lakers,-59,32,Draymond Green,19
Golden State Warriors,3/31/2017,2016,3,11,7,n,Jump Bank Shot,2PT Field Goal,3,Houston Rockets,4,36,Draymond Green,25
Golden State Warriors,12/3/2016,2016,1,9,30,shot_yes,Jump Bank Shot,2PT Field Goal,10,Phoenix Suns,-101,41,Draymond Green,3
Golden State Warriors,11/16/2016,2016,4,6,23,n,Jump Bank Shot,3PT Field Goal,26,Toronto Raptors,-2,262,Draymond Green,42
Golden State Warriors,3/29/2017,2016,3,0,41,shot_yes,Jump Bank Shot,2PT Field Goal,4,San Antonio Spurs,-45,3,Draymond Green,36
Golden State Warriors,2/27/2017,2016,4,6,26,shot_yes,Jump Shot,3PT Field Goal,24,Philadelphia 76ers,-241,-6,Draymond Green,42
Golden State Warriors,3/31/2017,2016,4,1,37,n,Jump Shot,2PT Field Goal,10,Houston Rockets,94,36,Draymond Green,47
Golden State Warriors,3/31/2017,2016,1,3,5,n,Jump Shot,2PT Field Goal,17,Houston Rockets,107,134,Draymond Green,9
Golden State Warriors,3/31/2017,2016,4,4,51,n,Jump Shot,3PT Field Goal,26,Houston Rockets,-27,262,Draymond Green,44
Golden State Warriors,3/31/2017,2016,3,11,28,n,Jump Shot,3PT Field Goal,27,Houston Rockets,69,262,Draymond Green,25
Golden State Warriors,3/31/2017,2016,4,0,50,n,Jump Shot,2PT Field Goal,6,Houston Rockets,-48,47,Draymond Green,48
Golden State Warriors,3/31/2017,2016,3,0,33,n,Jump Shot,3PT Field Goal,26,Houston Rockets,78,254,Draymond Green,36
Golden State Warriors,3/29/2017,2016,1,8,11,n,Jump Shot,3PT Field Goal,25,San Antonio Spurs,79,247,Draymond Green,4
Golden State Warriors,3/28/2017,2016,4,1,12,n,Jump Shot,3PT Field Goal,24,Houston Rockets,51,242,Draymond Green,47
Golden State Warriors,3/28/2017,2016,3,4,1,n,Jump Shot,3PT Field Goal,24,Houston Rockets,181,169,Draymond Green,32
Golden State Warriors,3/28/2017,2016,1,1,36,n,Jump Shot,3PT Field Goal,24,Houston Rockets,92,232,Draymond Green,11
Golden State Warriors,3/28/2017,2016,2,5,59,n,Jump Shot,3PT Field Goal,24,Houston Rockets,107,224,Draymond Green,19
Golden State Warriors,3/28/2017,2016,2,0,3,n,Jump Shot,3PT Field Goal,34,Houston Rockets,-78,331,Draymond Green,24
Golden State Warriors,3/28/2017,2016,1,6,9,shot_yes,Jump Shot,3PT Field Goal,25,Houston Rockets,138,210,Draymond Green,6
Golden State Warriors,3/28/2017,2016,4,2,14,shot_yes,Jump Shot,2PT Field Goal,16,Houston Rockets,-161,38,Draymond Green,46
Golden State Warriors,3/26/2017,2016,1,8,20,n,Jump Shot,3PT Field Goal,26,Memphis Grizzlies,-125,237,Draymond Green,4
Golden State Warriors,3/26/2017,2016,4,1,17,n,Jump Shot,2PT Field Goal,5,Memphis Grizzlies,37,41,Draymond Green,47
Golden State Warriors,3/24/2017,2016,1,0,0,n,Jump Shot,2PT Field Goal,6,Sacramento Kings,-11,65,Draymond Green,12
Golden State Warriors,3/24/2017,2016,3,9,54,n,Jump Shot,3PT Field Goal,26,Sacramento Kings,22,262,Draymond Green,27
Golden State Warriors,3/24/2017,2016,4,7,13,n,Jump Shot,3PT Field Goal,27,Sacramento Kings,-187,200,Draymond Green,41
Golden State Warriors,3/24/2017,2016,1,10,24,n,Jump Shot,3PT Field Goal,25,Sacramento Kings,-1,259,Draymond Green,2
Golden State Warriors,3/24/2017,2016,3,0,6,n,Jump Shot,3PT Field Goal,25,Sacramento Kings,-19,257,Draymond Green,36
Golden State Warriors,3/21/2017,2016,1,1,54,shot_yes,Jump Shot,3PT Field Goal,24,Dallas Mavericks,66,232,Draymond Green,11
Golden State Warriors,3/21/2017,2016,2,2,25,n,Jump Shot,2PT Field Goal,19,Dallas Mavericks,97,164,Draymond Green,22
Golden State Warriors,3/21/2017,2016,4,5,34,n,Jump Shot,3PT Field Goal,24,Dallas Mavericks,20,242,Draymond Green,43
Golden State Warriors,3/21/2017,2016,1,10,26,n,Jump Shot,3PT Field Goal,23,Dallas Mavericks,-160,178,Draymond Green,2
Golden State Warriors,3/21/2017,2016,3,9,24,n,Jump Shot,3PT Field Goal,23,Dallas Mavericks,96,219,Draymond Green,27
Golden State Warriors,3/20/2017,2016,1,8,49,n,Jump Shot,3PT Field Goal,24,Oklahoma City Thunder,69,232,Draymond Green,4
Golden State Warriors,3/18/2017,2016,1,6,20,n,Jump Shot,2PT Field Goal,12,Milwaukee Bucks,-60,105,Draymond Green,6
Golden State Warriors,3/18/2017,2016,1,8,19,n,Jump Shot,2PT Field Goal,10,Milwaukee Bucks,42,92,Draymond Green,4
Golden State Warriors,3/16/2017,2016,2,1,38,n,Jump Shot,3PT Field Goal,28,Orlando Magic,-158,242,Draymond Green,23
Golden State Warriors,3/16/2017,2016,1,9,44,n,Jump Shot,3PT Field Goal,26,Orlando Magic,-192,188,Draymond Green,3
Golden State Warriors,3/14/2017,2016,4,11,2,n,Jump Shot,2PT Field Goal,6,Philadelphia 76ers,-9,67,Draymond Green,37
Golden State Warriors,3/14/2017,2016,4,5,1,n,Jump Shot,2PT Field Goal,11,Philadelphia 76ers,61,95,Draymond Green,43
Golden State Warriors,3/14/2017,2016,1,7,46,n,Jump Shot,3PT Field Goal,26,Philadelphia 76ers,-153,214,Draymond Green,5
Golden State Warriors,3/14/2017,2016,3,1,13,n,Jump Shot,3PT Field Goal,25,Philadelphia 76ers,-107,229,Draymond Green,35
Golden State Warriors,3/6/2017,2016,4,11,12,n,Jump Shot,3PT Field Goal,25,Atlanta Hawks,-143,213,Draymond Green,37
Golden State Warriors,3/6/2017,2016,4,3,37,n,Jump Shot,3PT Field Goal,25,Atlanta Hawks,25,252,Draymond Green,45
Golden State Warriors,3/6/2017,2016,3,10,15,shot_yes,Jump Shot,3PT Field Goal,24,Atlanta Hawks,-14,242,Draymond Green,26
Golden State Warriors,3/6/2017,2016,3,9,45,n,Jump Shot,3PT Field Goal,23,Atlanta Hawks,32,237,Draymond Green,27
Golden State Warriors,3/6/2017,2016,1,11,7,shot_yes,Jump Shot,3PT Field Goal,24,Atlanta Hawks,-17,247,Draymond Green,1
Golden State Warriors,3/5/2017,2016,2,10,27,n,Jump Shot,3PT Field Goal,23,New York Knicks,210,111,Draymond Green,14
Golden State Warriors,3/5/2017,2016,4,8,23,n,Jump Shot,3PT Field Goal,24,New York Knicks,76,229,Draymond Green,40
Golden State Warriors,3/5/2017,2016,1,9,52,shot_yes,Jump Shot,3PT Field Goal,23,New York Knicks,-233,-31,Draymond Green,3
Golden State Warriors,3/5/2017,2016,3,9,8,n,Jump Shot,3PT Field Goal,25,New York Knicks,-176,178,Draymond Green,27
Golden State Warriors,3/5/2017,2016,1,5,48,n,Jump Shot,2PT Field Goal,8,New York Knicks,-60,67,Draymond Green,7
Golden State Warriors,3/2/2017,2016,3,8,35,n,Jump Shot,3PT Field Goal,27,Chicago Bulls,138,237,Draymond Green,28
Golden State Warriors,3/2/2017,2016,4,2,34,n,Jump Shot,3PT Field Goal,25,Chicago Bulls,141,213,Draymond Green,46
Golden State Warriors,3/2/2017,2016,2,1,37,shot_yes,Jump Shot,3PT Field Goal,24,Chicago Bulls,-19,242,Draymond Green,23
Golden State Warriors,3/2/2017,2016,3,9,36,shot_yes,Jump Shot,3PT Field Goal,25,Chicago Bulls,-37,252,Draymond Green,27
Golden State Warriors,2/28/2017,2016,2,7,50,n,Jump Shot,3PT Field Goal,29,Washington Wizards,-7,298,Draymond Green,17
Golden State Warriors,2/28/2017,2016,3,10,38,n,Jump Shot,2PT Field Goal,19,Washington Wizards,64,183,Draymond Green,26
Golden State Warriors,2/28/2017,2016,4,1,4,shot_yes,Jump Shot,3PT Field Goal,26,Washington Wizards,112,244,Draymond Green,47
Golden State Warriors,2/28/2017,2016,1,8,31,n,Jump Shot,2PT Field Goal,8,Washington Wizards,78,41,Draymond Green,4
Golden State Warriors,2/28/2017,2016,4,5,59,n,Jump Shot,2PT Field Goal,19,Washington Wizards,74,180,Draymond Green,43
Golden State Warriors,2/28/2017,2016,4,2,17,shot_yes,Jump Shot,3PT Field Goal,23,Washington Wizards,-232,26,Draymond Green,46
Golden State Warriors,2/27/2017,2016,1,6,7,n,Jump Shot,3PT Field Goal,25,Philadelphia 76ers,150,208,Draymond Green,6
Golden State Warriors,2/27/2017,2016,4,9,30,n,Jump Shot,3PT Field Goal,25,Philadelphia 76ers,-7,257,Draymond Green,39
Golden State Warriors,4/4/2017,2016,1,9,35,n,Jump Shot,3PT Field Goal,25,Minnesota Timberwolves,42,252,Draymond Green,3
Golden State Warriors,2/27/2017,2016,2,5,33,n,Jump Shot,2PT Field Goal,4,Philadelphia 76ers,-40,2,Draymond Green,19
Golden State Warriors,2/25/2017,2016,1,1,16,n,Jump Shot,2PT Field Goal,6,Brooklyn Nets,-45,41,Draymond Green,11
Golden State Warriors,2/25/2017,2016,4,11,39,n,Jump Shot,2PT Field Goal,9,Brooklyn Nets,-12,92,Draymond Green,37
Golden State Warriors,2/25/2017,2016,3,5,45,n,Jump Shot,3PT Field Goal,25,Brooklyn Nets,148,213,Draymond Green,31
Golden State Warriors,2/25/2017,2016,1,7,18,n,Jump Shot,2PT Field Goal,5,Brooklyn Nets,17,57,Draymond Green,5
Golden State Warriors,2/25/2017,2016,1,0,0,n,Jump Shot,3PT Field Goal,22,Brooklyn Nets,228,23,Draymond Green,12
Golden State Warriors,2/15/2017,2016,2,11,43,n,Jump Shot,2PT Field Goal,7,Sacramento Kings,-58,52,Draymond Green,13
Golden State Warriors,2/15/2017,2016,1,0,38,n,Jump Shot,3PT Field Goal,23,Sacramento Kings,232,11,Draymond Green,12
Golden State Warriors,2/15/2017,2016,1,1,4,n,Jump Shot,3PT Field Goal,26,Sacramento Kings,99,249,Draymond Green,11
Golden State Warriors,2/13/2017,2016,1,6,18,n,Jump Shot,3PT Field Goal,24,Denver Nuggets,-124,213,Draymond Green,6
Golden State Warriors,2/13/2017,2016,1,9,31,n,Jump Shot,3PT Field Goal,24,Denver Nuggets,-223,100,Draymond Green,3
Golden State Warriors,2/11/2017,2016,1,9,16,n,Jump Shot,3PT Field Goal,25,Oklahoma City Thunder,-122,223,Draymond Green,3
Golden State Warriors,2/10/2017,2016,1,0,1,n,Jump Shot,3PT Field Goal,27,Memphis Grizzlies,-129,242,Draymond Green,12
Golden State Warriors,2/10/2017,2016,3,2,25,n,Jump Shot,3PT Field Goal,25,Memphis Grizzlies,-45,252,Draymond Green,34
Golden State Warriors,2/10/2017,2016,4,9,59,n,Jump Shot,3PT Field Goal,25,Memphis Grizzlies,-88,242,Draymond Green,39
Golden State Warriors,2/8/2017,2016,4,4,26,shot_yes,Jump Shot,3PT Field Goal,27,Chicago Bulls,-47,272,Draymond Green,44
Golden State Warriors,2/8/2017,2016,4,10,36,n,Jump Shot,3PT Field Goal,23,Chicago Bulls,-230,11,Draymond Green,38
Golden State Warriors,2/8/2017,2016,1,10,34,n,Jump Shot,2PT Field Goal,21,Chicago Bulls,162,136,Draymond Green,2
Golden State Warriors,2/8/2017,2016,4,11,38,shot_yes,Jump Shot,3PT Field Goal,27,Chicago Bulls,-153,223,Draymond Green,37
Golden State Warriors,2/8/2017,2016,2,6,52,shot_yes,Jump Shot,3PT Field Goal,28,Chicago Bulls,-37,278,Draymond Green,18
Golden State Warriors,2/4/2017,2016,2,9,54,n,Jump Shot,3PT Field Goal,25,Sacramento Kings,4,252,Draymond Green,15
Golden State Warriors,2/4/2017,2016,1,6,31,n,Jump Shot,2PT Field Goal,3,Sacramento Kings,25,23,Draymond Green,6
Golden State Warriors,2/4/2017,2016,4,10,52,n,Jump Shot,3PT Field Goal,26,Sacramento Kings,15,267,Draymond Green,38
Golden State Warriors,2/4/2017,2016,2,11,19,n,Jump Shot,2PT Field Goal,3,Sacramento Kings,33,2,Draymond Green,13
Golden State Warriors,2/4/2017,2016,4,9,18,n,Jump Shot,2PT Field Goal,18,Sacramento Kings,-119,139,Draymond Green,39
Golden State Warriors,2/4/2017,2016,1,9,39,shot_yes,Jump Shot,3PT Field Goal,25,Sacramento Kings,-74,242,Draymond Green,3
Golden State Warriors,2/4/2017,2016,1,6,10,shot_yes,Jump Shot,3PT Field Goal,25,Sacramento Kings,71,247,Draymond Green,6
Golden State Warriors,2/4/2017,2016,3,5,44,shot_yes,Jump Shot,3PT Field Goal,25,Sacramento Kings,-130,214,Draymond Green,31
Golden State Warriors,2/4/2017,2016,3,0,55,n,Jump Shot,3PT Field Goal,26,Sacramento Kings,220,156,Draymond Green,36
Golden State Warriors,2/4/2017,2016,1,0,0,n,Jump Shot,3PT Field Goal,27,Sacramento Kings,73,262,Draymond Green,12
Golden State Warriors,2/1/2017,2016,2,2,39,n,Jump Shot,2PT Field Goal,16,Charlotte Hornets,-98,127,Draymond Green,22
Golden State Warriors,2/1/2017,2016,3,7,6,n,Jump Shot,3PT Field Goal,26,Charlotte Hornets,9,262,Draymond Green,29
Golden State Warriors,2/1/2017,2016,3,4,26,n,Jump Shot,3PT Field Goal,26,Charlotte Hornets,212,156,Draymond Green,32
Golden State Warriors,2/1/2017,2016,2,9,38,n,Jump Shot,3PT Field Goal,26,Charlotte Hornets,-176,198,Draymond Green,15
Golden State Warriors,2/1/2017,2016,2,7,57,n,Jump Shot,3PT Field Goal,26,Charlotte Hornets,-204,164,Draymond Green,17
Golden State Warriors,2/1/2017,2016,2,7,10,n,Jump Shot,3PT Field Goal,27,Charlotte Hornets,-129,242,Draymond Green,17
Golden State Warriors,2/1/2017,2016,3,11,18,shot_yes,Jump Shot,3PT Field Goal,23,Charlotte Hornets,232,8,Draymond Green,25
Golden State Warriors,1/29/2017,2016,1,0,49,shot_yes,Jump Shot,3PT Field Goal,24,Portland Trail Blazers,-99,223,Draymond Green,12
Golden State Warriors,1/29/2017,2016,4,2,5,n,Jump Shot,3PT Field Goal,24,Portland Trail Blazers,-47,237,Draymond Green,46
Golden State Warriors,1/29/2017,2016,2,10,33,n,Jump Shot,3PT Field Goal,25,Portland Trail Blazers,-153,198,Draymond Green,14
Golden State Warriors,1/29/2017,2016,2,2,22,n,Jump Shot,3PT Field Goal,24,Portland Trail Blazers,133,208,Draymond Green,22
Golden State Warriors,1/29/2017,2016,3,8,39,n,Jump Shot,3PT Field Goal,25,Portland Trail Blazers,-19,257,Draymond Green,28
Golden State Warriors,1/28/2017,2016,3,10,20,n,Jump Shot,3PT Field Goal,24,Los Angeles Clippers,48,244,Draymond Green,26
Golden State Warriors,1/25/2017,2016,1,5,56,shot_yes,Jump Shot,3PT Field Goal,24,Charlotte Hornets,148,200,Draymond Green,7
Golden State Warriors,1/25/2017,2016,3,9,59,n,Jump Shot,3PT Field Goal,28,Charlotte Hornets,-81,272,Draymond Green,27
Golden State Warriors,1/25/2017,2016,2,11,20,shot_yes,Jump Shot,3PT Field Goal,24,Charlotte Hornets,176,170,Draymond Green,13
Golden State Warriors,1/22/2017,2016,4,9,37,n,Jump Shot,3PT Field Goal,25,Orlando Magic,-22,257,Draymond Green,39
Golden State Warriors,1/22/2017,2016,2,5,33,n,Jump Shot,3PT Field Goal,23,Orlando Magic,-238,-1,Draymond Green,19
Golden State Warriors,1/22/2017,2016,1,7,0,n,Jump Shot,3PT Field Goal,26,Orlando Magic,-183,185,Draymond Green,5
Golden State Warriors,1/22/2017,2016,3,0,0,n,Jump Shot,3PT Field Goal,23,Orlando Magic,-237,31,Draymond Green,36
Golden State Warriors,1/20/2017,2016,2,11,46,n,Jump Shot,2PT Field Goal,7,Houston Rockets,32,65,Draymond Green,13
Golden State Warriors,1/20/2017,2016,4,8,29,n,Jump Shot,2PT Field Goal,3,Houston Rockets,1,36,Draymond Green,40
Golden State Warriors,1/20/2017,2016,4,9,59,n,Jump Shot,3PT Field Goal,27,Houston Rockets,79,259,Draymond Green,39
Golden State Warriors,1/20/2017,2016,1,0,1,n,Jump Shot,3PT Field Goal,55,Houston Rockets,-147,535,Draymond Green,12
Golden State Warriors,1/20/2017,2016,2,6,50,shot_yes,Jump Shot,3PT Field Goal,26,Houston Rockets,-40,257,Draymond Green,18
Golden State Warriors,1/20/2017,2016,3,7,37,shot_yes,Jump Shot,3PT Field Goal,24,Houston Rockets,-4,247,Draymond Green,29
Golden State Warriors,1/20/2017,2016,1,8,44,shot_yes,Jump Shot,3PT Field Goal,24,Houston Rockets,143,203,Draymond Green,4
Golden State Warriors,1/20/2017,2016,2,9,55,n,Jump Shot,2PT Field Goal,6,Houston Rockets,-55,41,Draymond Green,15
Golden State Warriors,1/18/2017,2016,3,8,29,n,Jump Shot,2PT Field Goal,3,Oklahoma City Thunder,-2,36,Draymond Green,28
Golden State Warriors,1/18/2017,2016,4,2,27,n,Jump Shot,3PT Field Goal,27,Oklahoma City Thunder,132,237,Draymond Green,46
Golden State Warriors,1/16/2017,2016,2,3,51,n,Jump Shot,2PT Field Goal,7,Cleveland Cavaliers,-71,23,Draymond Green,21
Golden State Warriors,1/16/2017,2016,2,10,41,shot_yes,Jump Shot,2PT Field Goal,17,Cleveland Cavaliers,-30,170,Draymond Green,14
Golden State Warriors,1/8/2017,2016,1,7,41,n,Jump Shot,3PT Field Goal,24,Sacramento Kings,69,237,Draymond Green,5
Golden State Warriors,1/8/2017,2016,2,0,20,n,Jump Shot,3PT Field Goal,23,Sacramento Kings,238,26,Draymond Green,24
Golden State Warriors,1/8/2017,2016,4,1,10,n,Jump Shot,3PT Field Goal,25,Sacramento Kings,-16,252,Draymond Green,47
Golden State Warriors,1/8/2017,2016,3,6,26,shot_yes,Jump Shot,3PT Field Goal,23,Sacramento Kings,232,8,Draymond Green,30
Golden State Warriors,1/6/2017,2016,1,7,1,n,Jump Shot,3PT Field Goal,27,Memphis Grizzlies,112,247,Draymond Green,5
Golden State Warriors,1/4/2017,2016,1,3,52,n,Jump Shot,3PT Field Goal,26,Portland Trail Blazers,-186,190,Draymond Green,9
Golden State Warriors,1/4/2017,2016,4,10,39,shot_yes,Jump Shot,2PT Field Goal,5,Portland Trail Blazers,-47,33,Draymond Green,38
Golden State Warriors,1/4/2017,2016,4,7,28,n,Jump Shot,3PT Field Goal,26,Portland Trail Blazers,-76,252,Draymond Green,41
Golden State Warriors,1/4/2017,2016,1,9,42,shot_yes,Jump Shot,3PT Field Goal,27,Portland Trail Blazers,-173,213,Draymond Green,3
Golden State Warriors,1/4/2017,2016,4,9,24,shot_yes,Jump Shot,3PT Field Goal,26,Portland Trail Blazers,-89,247,Draymond Green,39
Golden State Warriors,1/2/2017,2016,2,0,33,n,Jump Shot,3PT Field Goal,29,Denver Nuggets,-176,237,Draymond Green,24
Golden State Warriors,1/2/2017,2016,3,3,23,n,Jump Shot,2PT Field Goal,5,Denver Nuggets,27,51,Draymond Green,33
Golden State Warriors,12/30/2016,2016,1,4,55,n,Jump Shot,3PT Field Goal,27,Dallas Mavericks,-194,188,Draymond Green,8
Golden State Warriors,12/30/2016,2016,1,11,47,n,Jump Shot,2PT Field Goal,9,Dallas Mavericks,-22,90,Draymond Green,1
Golden State Warriors,12/28/2016,2016,3,10,33,n,Jump Shot,3PT Field Goal,25,Toronto Raptors,-89,242,Draymond Green,26
Golden State Warriors,12/28/2016,2016,3,2,37,n,Jump Shot,2PT Field Goal,3,Toronto Raptors,-25,21,Draymond Green,34
Golden State Warriors,12/25/2016,2016,2,8,59,n,Jump Shot,3PT Field Goal,26,Cleveland Cavaliers,-133,224,Draymond Green,16
Golden State Warriors,12/25/2016,2016,4,3,17,n,Jump Shot,3PT Field Goal,24,Cleveland Cavaliers,-248,0,Draymond Green,45
Golden State Warriors,12/23/2016,2016,1,1,28,n,Jump Shot,3PT Field Goal,25,Detroit Pistons,-192,169,Draymond Green,11
Golden State Warriors,12/23/2016,2016,4,3,20,n,Jump Shot,2PT Field Goal,16,Detroit Pistons,-4,169,Draymond Green,45
Golden State Warriors,12/23/2016,2016,1,10,21,n,Jump Shot,3PT Field Goal,26,Detroit Pistons,76,252,Draymond Green,2
Golden State Warriors,12/23/2016,2016,3,10,24,n,Jump Shot,3PT Field Goal,27,Detroit Pistons,-34,269,Draymond Green,26
Golden State Warriors,12/23/2016,2016,2,6,16,n,Jump Shot,3PT Field Goal,26,Detroit Pistons,-174,203,Draymond Green,18
Golden State Warriors,12/23/2016,2016,1,5,25,n,Jump Shot,3PT Field Goal,25,Detroit Pistons,-56,252,Draymond Green,7
Golden State Warriors,12/23/2016,2016,4,2,0,n,Jump Shot,3PT Field Goal,25,Detroit Pistons,215,134,Draymond Green,46
Golden State Warriors,12/20/2016,2016,1,9,49,n,Jump Shot,3PT Field Goal,22,Utah Jazz,223,23,Draymond Green,3
Golden State Warriors,12/20/2016,2016,4,11,14,shot_yes,Jump Shot,3PT Field Goal,25,Utah Jazz,81,244,Draymond Green,37
Golden State Warriors,12/20/2016,2016,3,5,46,n,Jump Shot,3PT Field Goal,25,Utah Jazz,112,232,Draymond Green,31
Golden State Warriors,12/17/2016,2016,1,6,27,n,Jump Shot,3PT Field Goal,25,Portland Trail Blazers,30,257,Draymond Green,6
Golden State Warriors,12/17/2016,2016,3,2,17,n,Jump Shot,3PT Field Goal,28,Portland Trail Blazers,-138,244,Draymond Green,34
Golden State Warriors,12/17/2016,2016,1,2,4,n,Jump Shot,2PT Field Goal,3,Portland Trail Blazers,17,31,Draymond Green,10
Golden State Warriors,12/15/2016,2016,3,10,38,n,Jump Shot,3PT Field Goal,26,New York Knicks,-143,228,Draymond Green,26
Golden State Warriors,12/15/2016,2016,1,7,59,n,Jump Shot,2PT Field Goal,19,New York Knicks,-178,75,Draymond Green,5
Golden State Warriors,12/15/2016,2016,1,11,27,n,Jump Shot,3PT Field Goal,25,New York Knicks,-122,224,Draymond Green,1
Golden State Warriors,12/15/2016,2016,4,3,38,n,Jump Shot,3PT Field Goal,27,New York Knicks,35,272,Draymond Green,45
Golden State Warriors,12/15/2016,2016,2,6,5,n,Jump Shot,3PT Field Goal,25,New York Knicks,94,232,Draymond Green,18
Golden State Warriors,12/13/2016,2016,1,1,38,n,Jump Shot,2PT Field Goal,20,New Orleans Pelicans,207,11,Draymond Green,11
Golden State Warriors,12/13/2016,2016,4,3,30,n,Jump Shot,2PT Field Goal,6,New Orleans Pelicans,-56,31,Draymond Green,45
Golden State Warriors,12/13/2016,2016,2,0,31,n,Jump Shot,3PT Field Goal,25,New Orleans Pelicans,-50,252,Draymond Green,24
Golden State Warriors,12/13/2016,2016,3,7,50,n,Jump Shot,3PT Field Goal,28,New Orleans Pelicans,10,287,Draymond Green,29
Golden State Warriors,12/13/2016,2016,4,5,3,shot_yes,Jump Shot,3PT Field Goal,26,New Orleans Pelicans,-158,218,Draymond Green,43
Golden State Warriors,12/13/2016,2016,2,4,34,shot_yes,Jump Shot,3PT Field Goal,25,New Orleans Pelicans,-58,247,Draymond Green,20
Golden State Warriors,12/13/2016,2016,1,8,36,n,Jump Shot,3PT Field Goal,23,New Orleans Pelicans,238,0,Draymond Green,4
Golden State Warriors,12/11/2016,2016,3,8,46,n,Jump Shot,3PT Field Goal,23,Minnesota Timberwolves,238,21,Draymond Green,28
Golden State Warriors,12/11/2016,2016,2,4,4,shot_yes,Jump Shot,3PT Field Goal,25,Minnesota Timberwolves,9,252,Draymond Green,20
Golden State Warriors,12/11/2016,2016,2,8,3,n,Jump Shot,3PT Field Goal,25,Minnesota Timberwolves,9,257,Draymond Green,16
Golden State Warriors,12/11/2016,2016,2,4,57,shot_yes,Jump Shot,3PT Field Goal,24,Minnesota Timberwolves,-201,144,Draymond Green,20
Golden State Warriors,12/11/2016,2016,3,3,14,n,Jump Shot,3PT Field Goal,25,Minnesota Timberwolves,-137,218,Draymond Green,33
Golden State Warriors,12/11/2016,2016,1,11,41,shot_yes,Jump Shot,3PT Field Goal,25,Minnesota Timberwolves,-150,203,Draymond Green,1
Golden State Warriors,12/11/2016,2016,3,8,5,shot_yes,Jump Shot,3PT Field Goal,24,Minnesota Timberwolves,-65,239,Draymond Green,28
Golden State Warriors,12/11/2016,2016,2,6,10,shot_yes,Jump Shot,3PT Field Goal,24,Minnesota Timberwolves,-16,247,Draymond Green,18
Golden State Warriors,12/10/2016,2016,1,10,51,n,Jump Shot,3PT Field Goal,24,Memphis Grizzlies,-156,195,Draymond Green,2
Golden State Warriors,12/10/2016,2016,1,6,27,n,Jump Shot,2PT Field Goal,4,Memphis Grizzlies,-4,43,Draymond Green,6
Golden State Warriors,12/10/2016,2016,3,11,13,n,Jump Shot,2PT Field Goal,6,Memphis Grizzlies,42,51,Draymond Green,25
Golden State Warriors,12/8/2016,2016,2,2,28,shot_yes,Jump Shot,3PT Field Goal,26,Utah Jazz,-228,131,Draymond Green,22
Golden State Warriors,12/8/2016,2016,2,6,40,shot_yes,Jump Shot,3PT Field Goal,24,Utah Jazz,148,195,Draymond Green,18
Golden State Warriors,12/8/2016,2016,2,4,33,shot_yes,Jump Shot,3PT Field Goal,25,Utah Jazz,166,193,Draymond Green,20
Golden State Warriors,12/8/2016,2016,1,11,25,n,Jump Shot,3PT Field Goal,25,Utah Jazz,-194,159,Draymond Green,1
Golden State Warriors,12/8/2016,2016,1,5,32,shot_yes,Jump Shot,3PT Field Goal,24,Utah Jazz,-112,214,Draymond Green,7
Golden State Warriors,12/8/2016,2016,3,11,36,n,Jump Shot,3PT Field Goal,25,Utah Jazz,37,249,Draymond Green,25
Golden State Warriors,12/7/2016,2016,2,7,0,shot_yes,Jump Shot,3PT Field Goal,26,Los Angeles Clippers,20,264,Draymond Green,17
Golden State Warriors,12/7/2016,2016,2,0,3,shot_yes,Jump Shot,3PT Field Goal,26,Los Angeles Clippers,195,180,Draymond Green,24
Golden State Warriors,12/7/2016,2016,4,5,19,n,Jump Shot,3PT Field Goal,26,Los Angeles Clippers,-9,269,Draymond Green,43
Golden State Warriors,12/7/2016,2016,1,2,38,shot_yes,Jump Shot,3PT Field Goal,26,Los Angeles Clippers,28,262,Draymond Green,10
Golden State Warriors,12/7/2016,2016,2,0,47,n,Jump Shot,3PT Field Goal,26,Los Angeles Clippers,-14,262,Draymond Green,24
Golden State Warriors,12/5/2016,2016,1,4,45,n,Jump Shot,3PT Field Goal,25,Indiana Pacers,117,223,Draymond Green,8
Golden State Warriors,12/3/2016,2016,2,0,45,n,Jump Shot,3PT Field Goal,26,Phoenix Suns,-142,223,Draymond Green,24
Golden State Warriors,12/3/2016,2016,3,1,17,n,Jump Shot,3PT Field Goal,26,Phoenix Suns,-207,170,Draymond Green,35
Golden State Warriors,12/3/2016,2016,1,3,19,n,Jump Shot,2PT Field Goal,3,Phoenix Suns,10,31,Draymond Green,9
Golden State Warriors,12/1/2016,2016,3,9,3,n,Jump Shot,2PT Field Goal,4,Houston Rockets,-14,46,Draymond Green,27
Golden State Warriors,12/1/2016,2016,3,2,41,n,Jump Shot,2PT Field Goal,5,Houston Rockets,-52,21,Draymond Green,34
Golden State Warriors,12/1/2016,2016,2,2,36,n,Jump Shot,3PT Field Goal,25,Houston Rockets,-35,252,Draymond Green,22
Golden State Warriors,12/1/2016,2016,1,6,52,n,Jump Shot,3PT Field Goal,24,Houston Rockets,66,234,Draymond Green,6
Golden State Warriors,11/28/2016,2016,1,7,45,n,Jump Shot,2PT Field Goal,12,Atlanta Hawks,-125,26,Draymond Green,5
Golden State Warriors,11/28/2016,2016,3,10,17,shot_yes,Jump Shot,2PT Field Goal,18,Atlanta Hawks,-137,129,Draymond Green,26
Golden State Warriors,11/25/2016,2016,3,10,15,n,Jump Shot,3PT Field Goal,24,Los Angeles Lakers,-15,243,Draymond Green,26
Golden State Warriors,11/25/2016,2016,3,8,54,shot_yes,Jump Shot,3PT Field Goal,25,Los Angeles Lakers,-55,246,Draymond Green,28
Golden State Warriors,11/23/2016,2016,2,4,32,n,Jump Shot,3PT Field Goal,26,Los Angeles Lakers,-40,267,Draymond Green,20
Golden State Warriors,11/21/2016,2016,1,3,48,n,Jump Shot,3PT Field Goal,26,Indiana Pacers,-161,210,Draymond Green,9
Golden State Warriors,11/21/2016,2016,1,6,58,n,Jump Shot,3PT Field Goal,26,Indiana Pacers,9,262,Draymond Green,6
Golden State Warriors,11/19/2016,2016,1,5,36,n,Jump Shot,3PT Field Goal,27,Milwaukee Bucks,-63,272,Draymond Green,7
Golden State Warriors,11/19/2016,2016,1,9,12,n,Jump Shot,2PT Field Goal,6,Milwaukee Bucks,-56,33,Draymond Green,3
Golden State Warriors,11/18/2016,2016,4,4,43,n,Jump Shot,3PT Field Goal,26,Boston Celtics,-119,232,Draymond Green,44
Golden State Warriors,11/18/2016,2016,3,9,1,shot_yes,Jump Shot,3PT Field Goal,25,Boston Celtics,-161,195,Draymond Green,27
Golden State Warriors,11/18/2016,2016,3,1,38,n,Jump Shot,3PT Field Goal,26,Boston Celtics,9,267,Draymond Green,35
Golden State Warriors,11/18/2016,2016,2,5,54,n,Jump Shot,3PT Field Goal,25,Boston Celtics,-45,254,Draymond Green,19
Golden State Warriors,11/18/2016,2016,3,10,46,shot_yes,Jump Shot,3PT Field Goal,25,Boston Celtics,35,249,Draymond Green,26
Golden State Warriors,11/18/2016,2016,1,5,0,n,Jump Shot,3PT Field Goal,24,Boston Celtics,-73,237,Draymond Green,7
Golden State Warriors,11/16/2016,2016,2,6,8,n,Jump Shot,3PT Field Goal,26,Toronto Raptors,-173,198,Draymond Green,18
Golden State Warriors,11/16/2016,2016,1,3,46,shot_yes,Jump Shot,3PT Field Goal,25,Toronto Raptors,25,257,Draymond Green,9
Golden State Warriors,11/16/2016,2016,1,2,36,n,Jump Shot,3PT Field Goal,28,Toronto Raptors,194,208,Draymond Green,10
Golden State Warriors,11/13/2016,2016,1,1,1,n,Jump Shot,3PT Field Goal,26,Phoenix Suns,176,198,Draymond Green,11
Golden State Warriors,11/13/2016,2016,3,9,22,n,Jump Shot,3PT Field Goal,25,Phoenix Suns,-174,183,Draymond Green,27
Golden State Warriors,11/13/2016,2016,1,7,8,n,Jump Shot,3PT Field Goal,26,Phoenix Suns,19,269,Draymond Green,5
Golden State Warriors,11/10/2016,2016,1,3,6,shot_yes,Jump Shot,3PT Field Goal,25,Denver Nuggets,-166,190,Draymond Green,9
Golden State Warriors,11/10/2016,2016,1,11,37,shot_yes,Jump Shot,3PT Field Goal,24,Denver Nuggets,-155,193,Draymond Green,1
Golden State Warriors,11/10/2016,2016,3,11,18,shot_yes,Jump Shot,3PT Field Goal,24,Denver Nuggets,-101,228,Draymond Green,25
Golden State Warriors,11/10/2016,2016,1,4,57,n,Jump Shot,3PT Field Goal,26,Denver Nuggets,-143,218,Draymond Green,8
Golden State Warriors,11/9/2016,2016,3,2,59,n,Jump Shot,3PT Field Goal,26,Dallas Mavericks,107,237,Draymond Green,34
Golden State Warriors,11/9/2016,2016,2,4,49,shot_yes,Jump Shot,3PT Field Goal,25,Dallas Mavericks,-24,252,Draymond Green,20
Golden State Warriors,11/7/2016,2016,3,11,32,n,Jump Shot,3PT Field Goal,24,New Orleans Pelicans,240,36,Draymond Green,25
Golden State Warriors,11/7/2016,2016,2,1,37,n,Jump Shot,2PT Field Goal,3,New Orleans Pelicans,1,36,Draymond Green,23
Golden State Warriors,11/4/2016,2016,1,11,42,n,Jump Shot,3PT Field Goal,24,Los Angeles Lakers,37,241,Draymond Green,1
Golden State Warriors,11/4/2016,2016,3,0,0,n,Jump Shot,3PT Field Goal,40,Los Angeles Lakers,18,408,Draymond Green,36
Golden State Warriors,11/4/2016,2016,4,8,47,n,Jump Shot,3PT Field Goal,25,Los Angeles Lakers,86,238,Draymond Green,40
Golden State Warriors,11/3/2016,2016,1,10,15,n,Jump Shot,3PT Field Goal,26,Oklahoma City Thunder,-55,257,Draymond Green,2
Golden State Warriors,11/3/2016,2016,1,9,28,n,Jump Shot,2PT Field Goal,3,Oklahoma City Thunder,-20,23,Draymond Green,3
Golden State Warriors,11/1/2016,2016,1,5,7,shot_yes,Jump Shot,3PT Field Goal,25,Portland Trail Blazers,161,195,Draymond Green,7
Golden State Warriors,10/30/2016,2016,1,7,48,n,Jump Shot,3PT Field Goal,26,Phoenix Suns,187,185,Draymond Green,5
Golden State Warriors,10/30/2016,2016,3,7,59,n,Jump Shot,3PT Field Goal,26,Phoenix Suns,-4,262,Draymond Green,29
Golden State Warriors,10/30/2016,2016,2,6,14,n,Jump Shot,3PT Field Goal,26,Phoenix Suns,151,213,Draymond Green,18
Golden State Warriors,10/30/2016,2016,4,2,26,n,Jump Shot,3PT Field Goal,26,Phoenix Suns,-202,174,Draymond Green,46
Golden State Warriors,10/28/2016,2016,3,11,40,shot_yes,Jump Shot,3PT Field Goal,26,New Orleans Pelicans,-42,257,Draymond Green,25
Golden State Warriors,10/28/2016,2016,2,5,52,n,Jump Shot,2PT Field Goal,3,New Orleans Pelicans,1,36,Draymond Green,19
Golden State Warriors,10/28/2016,2016,2,1,26,n,Jump Shot,2PT Field Goal,4,New Orleans Pelicans,-35,33,Draymond Green,23
Golden State Warriors,10/28/2016,2016,1,7,15,n,Jump Shot,3PT Field Goal,25,New Orleans Pelicans,19,252,Draymond Green,5
Golden State Warriors,10/25/2016,2016,3,6,11,n,Jump Shot,3PT Field Goal,27,San Antonio Spurs,-181,208,Draymond Green,30
Golden State Warriors,10/25/2016,2016,3,7,16,shot_yes,Jump Shot,3PT Field Goal,23,San Antonio Spurs,233,36,Draymond Green,29
Golden State Warriors,10/25/2016,2016,1,11,21,n,Jump Shot,3PT Field Goal,24,San Antonio Spurs,-158,193,Draymond Green,1
Golden State Warriors,3/31/2017,2016,2,2,6,n,Layup Shot,2PT Field Goal,2,Houston Rockets,-9,28,Draymond Green,22
Golden State Warriors,2/13/2017,2016,3,9,33,shot_yes,Layup Shot,2PT Field Goal,1,Denver Nuggets,-6,16,Draymond Green,27
Golden State Warriors,2/23/2017,2016,2,11,32,n,Layup Shot,2PT Field Goal,2,Los Angeles Clippers,17,16,Draymond Green,13
Golden State Warriors,2/25/2017,2016,3,7,4,n,Layup Shot,2PT Field Goal,2,Brooklyn Nets,25,8,Draymond Green,29
Golden State Warriors,10/28/2016,2016,1,6,49,shot_yes,Layup Shot,2PT Field Goal,2,New Orleans Pelicans,-22,3,Draymond Green,6
Golden State Warriors,11/4/2016,2016,4,7,45,shot_yes,Layup Shot,2PT Field Goal,0,Los Angeles Lakers,5,0,Draymond Green,41
Golden State Warriors,12/1/2016,2016,4,7,2,shot_yes,Layup Shot,2PT Field Goal,0,Houston Rockets,0,7,Draymond Green,41
Golden State Warriors,11/9/2016,2016,1,8,17,n,Layup Shot,2PT Field Goal,3,Dallas Mavericks,-19,28,Draymond Green,4
Golden State Warriors,2/27/2017,2016,3,1,44,n,Layup Shot,2PT Field Goal,1,Philadelphia 76ers,6,8,Draymond Green,35
Golden State Warriors,10/28/2016,2016,2,5,47,shot_yes,Layup Shot,2PT Field Goal,2,New Orleans Pelicans,9,23,Draymond Green,19
Golden State Warriors,4/4/2017,2016,3,9,43,n,Layup Shot,2PT Field Goal,2,Minnesota Timberwolves,-19,11,Draymond Green,27
Golden State Warriors,2/28/2017,2016,4,3,4,shot_yes,Layup Shot,2PT Field Goal,1,Washington Wizards,-9,8,Draymond Green,45
Golden State Warriors,2/28/2017,2016,1,5,38,n,Layup Shot,2PT Field Goal,2,Washington Wizards,27,-11,Draymond Green,7
Golden State Warriors,12/11/2016,2016,1,5,2,shot_yes,Layup Shot,2PT Field Goal,0,Minnesota Timberwolves,1,8,Draymond Green,7
Golden State Warriors,11/25/2016,2016,1,8,35,shot_yes,Layup Shot,2PT Field Goal,1,Los Angeles Lakers,-16,1,Draymond Green,4
Golden State Warriors,11/23/2016,2016,1,5,48,n,Layup Shot,2PT Field Goal,1,Los Angeles Lakers,6,11,Draymond Green,7
Golden State Warriors,11/23/2016,2016,1,4,36,n,Layup Shot,2PT Field Goal,1,Los Angeles Lakers,-6,16,Draymond Green,8
Golden State Warriors,10/28/2016,2016,3,9,42,n,Layup Shot,2PT Field Goal,2,New Orleans Pelicans,19,16,Draymond Green,27
Golden State Warriors,11/10/2016,2016,3,5,2,shot_yes,Layup Shot,2PT Field Goal,1,Denver Nuggets,9,7,Draymond Green,31
Golden State Warriors,12/13/2016,2016,3,7,32,n,Layup Shot,2PT Field Goal,2,New Orleans Pelicans,22,11,Draymond Green,29
Golden State Warriors,12/13/2016,2016,3,8,4,n,Layup Shot,2PT Field Goal,2,New Orleans Pelicans,17,11,Draymond Green,28
Golden State Warriors,11/21/2016,2016,1,2,31,shot_yes,Layup Shot,2PT Field Goal,1,Indiana Pacers,10,-1,Draymond Green,10
Golden State Warriors,3/5/2017,2016,1,10,32,n,Layup Shot,2PT Field Goal,1,New York Knicks,-16,-1,Draymond Green,2
Golden State Warriors,11/19/2016,2016,4,1,48,n,Layup Shot,2PT Field Goal,0,Milwaukee Bucks,-4,-1,Draymond Green,47
Golden State Warriors,3/6/2017,2016,1,6,2,n,Layup Shot,2PT Field Goal,0,Atlanta Hawks,1,3,Draymond Green,6
Golden State Warriors,11/19/2016,2016,4,0,55,n,Layup Shot,2PT Field Goal,1,Milwaukee Bucks,-6,13,Draymond Green,48
Golden State Warriors,11/3/2016,2016,3,11,43,n,Layup Shot,2PT Field Goal,2,Oklahoma City Thunder,-12,18,Draymond Green,25
Golden State Warriors,12/13/2016,2016,3,9,23,n,Layup Shot,2PT Field Goal,1,New Orleans Pelicans,-12,8,Draymond Green,27
Golden State Warriors,12/13/2016,2016,2,3,11,shot_yes,Layup Shot,2PT Field Goal,0,New Orleans Pelicans,-6,-6,Draymond Green,21
Golden State Warriors,12/13/2016,2016,3,9,6,shot_yes,Layup Shot,2PT Field Goal,2,New Orleans Pelicans,-2,21,Draymond Green,27
Golden State Warriors,11/18/2016,2016,1,7,48,shot_yes,Layup Shot,2PT Field Goal,1,Boston Celtics,-16,3,Draymond Green,5
Golden State Warriors,11/1/2016,2016,1,7,19,shot_yes,Layup Shot,2PT Field Goal,2,Portland Trail Blazers,-16,16,Draymond Green,5
Golden State Warriors,3/24/2017,2016,4,5,50,n,Layup Shot,2PT Field Goal,1,Sacramento Kings,-6,16,Draymond Green,43
Golden State Warriors,1/4/2017,2016,2,6,1,n,Layup Shot,2PT Field Goal,1,Portland Trail Blazers,-12,2,Draymond Green,18
Golden State Warriors,3/24/2017,2016,4,5,48,n,Layup Shot,2PT Field Goal,1,Sacramento Kings,1,13,Draymond Green,43
Golden State Warriors,3/16/2017,2016,2,10,27,n,Layup Shot,2PT Field Goal,2,Orlando Magic,6,21,Draymond Green,14
Golden State Warriors,1/8/2017,2016,2,3,36,shot_yes,Layup Shot,2PT Field Goal,2,Sacramento Kings,20,7,Draymond Green,21
Golden State Warriors,12/15/2016,2016,1,5,12,n,Layup Shot,2PT Field Goal,2,New York Knicks,-20,11,Draymond Green,7
Golden State Warriors,1/8/2017,2016,2,0,27,n,Layup Shot,2PT Field Goal,3,Sacramento Kings,9,36,Draymond Green,24
Golden State Warriors,3/28/2017,2016,1,9,44,shot_yes,Layup Shot,2PT Field Goal,0,Houston Rockets,2,-5,Draymond Green,3
Golden State Warriors,1/8/2017,2016,1,5,12,n,Layup Shot,2PT Field Goal,2,Sacramento Kings,-27,13,Draymond Green,7
Golden State Warriors,1/28/2017,2016,1,8,11,n,Layup Shot,2PT Field Goal,2,Los Angeles Clippers,10,18,Draymond Green,4
Golden State Warriors,1/18/2017,2016,3,9,29,shot_yes,Layup Shot,2PT Field Goal,3,Oklahoma City Thunder,-7,31,Draymond Green,27
Golden State Warriors,1/18/2017,2016,3,10,35,shot_yes,Layup Shot,2PT Field Goal,0,Oklahoma City Thunder,-4,3,Draymond Green,26
Golden State Warriors,12/17/2016,2016,3,10,41,shot_yes,Layup Shot,2PT Field Goal,1,Portland Trail Blazers,-14,7,Draymond Green,26
Golden State Warriors,3/18/2017,2016,2,1,53,n,Layup Shot,2PT Field Goal,2,Milwaukee Bucks,6,21,Draymond Green,23
Golden State Warriors,1/25/2017,2016,1,4,3,n,Layup Shot,2PT Field Goal,0,Charlotte Hornets,0,7,Draymond Green,8
Golden State Warriors,11/16/2016,2016,3,8,32,n,Layup Shot,2PT Field Goal,2,Toronto Raptors,-22,8,Draymond Green,28
Golden State Warriors,12/25/2016,2016,2,6,16,shot_yes,Layup Shot,2PT Field Goal,1,Cleveland Cavaliers,-7,-16,Draymond Green,18
Golden State Warriors,3/16/2017,2016,3,6,33,n,Layup Shot,2PT Field Goal,3,Orlando Magic,1,31,Draymond Green,30
Golden State Warriors,1/25/2017,2016,4,2,6,n,Layup Shot,2PT Field Goal,1,Charlotte Hornets,1,11,Draymond Green,46
Golden State Warriors,1/22/2017,2016,3,5,59,n,Layup Shot,2PT Field Goal,2,Orlando Magic,9,28,Draymond Green,31
Golden State Warriors,3/14/2017,2016,4,11,40,shot_yes,Layup Shot,2PT Field Goal,2,Philadelphia 76ers,20,14,Draymond Green,37
Golden State Warriors,11/16/2016,2016,1,1,41,shot_yes,Layup Shot,2PT Field Goal,2,Toronto Raptors,22,-6,Draymond Green,11
Golden State Warriors,2/11/2017,2016,4,2,45,shot_yes,Layup Shot,2PT Field Goal,2,Oklahoma City Thunder,-22,0,Draymond Green,46
Golden State Warriors,12/8/2016,2016,1,9,34,n,Layup Shot,2PT Field Goal,2,Utah Jazz,-29,2,Draymond Green,3
Golden State Warriors,2/4/2017,2016,2,1,17,n,Layup Shot,2PT Field Goal,4,Sacramento Kings,30,36,Draymond Green,23
Golden State Warriors,10/28/2016,2016,2,4,56,n,Layup Shot,2PT Field Goal,1,New Orleans Pelicans,-4,16,Draymond Green,20
Golden State Warriors,12/3/2016,2016,1,6,46,n,Layup Shot,2PT Field Goal,2,Phoenix Suns,6,23,Draymond Green,6
Golden State Warriors,11/23/2016,2016,3,11,15,n,Pullup Jump shot,3PT Field Goal,25,Los Angeles Lakers,-143,213,Draymond Green,25
Golden State Warriors,10/25/2016,2016,2,7,27,n,Pullup Jump shot,3PT Field Goal,24,San Antonio Spurs,200,149,Draymond Green,17
Golden State Warriors,3/14/2017,2016,4,8,4,shot_yes,Pullup Jump shot,3PT Field Goal,25,Philadelphia 76ers,-102,237,Draymond Green,40
Golden State Warriors,11/3/2016,2016,3,1,4,n,Pullup Jump shot,3PT Field Goal,26,Oklahoma City Thunder,-27,262,Draymond Green,35
Golden State Warriors,3/26/2017,2016,1,11,8,shot_yes,Pullup Jump shot,3PT Field Goal,27,Memphis Grizzlies,-66,262,Draymond Green,1
Golden State Warriors,12/28/2016,2016,1,0,48,shot_yes,Pullup Jump shot,3PT Field Goal,25,Toronto Raptors,-119,228,Draymond Green,12
Golden State Warriors,3/14/2017,2016,3,8,46,n,Pullup Jump shot,3PT Field Goal,25,Philadelphia 76ers,114,232,Draymond Green,28
Golden State Warriors,11/1/2016,2016,2,1,56,n,Pullup Jump shot,3PT Field Goal,24,Portland Trail Blazers,2,242,Draymond Green,23
Golden State Warriors,10/25/2016,2016,3,3,2,shot_yes,Pullup Jump shot,3PT Field Goal,24,San Antonio Spurs,33,247,Draymond Green,33
Golden State Warriors,11/23/2016,2016,1,11,1,n,Pullup Jump shot,3PT Field Goal,25,Los Angeles Lakers,-55,244,Draymond Green,1
Golden State Warriors,12/20/2016,2016,4,10,10,shot_yes,Pullup Jump shot,3PT Field Goal,27,Utah Jazz,-120,244,Draymond Green,38
Golden State Warriors,2/8/2017,2016,2,7,44,shot_yes,Pullup Jump shot,3PT Field Goal,27,Chicago Bulls,174,208,Draymond Green,17
Golden State Warriors,2/8/2017,2016,3,7,46,shot_yes,Pullup Jump shot,3PT Field Goal,25,Chicago Bulls,43,247,Draymond Green,29
Golden State Warriors,12/5/2016,2016,3,1,54,n,Pullup Jump shot,2PT Field Goal,17,Indiana Pacers,143,95,Draymond Green,35
Golden State Warriors,1/2/2017,2016,4,6,7,shot_yes,Pullup Jump shot,3PT Field Goal,26,Denver Nuggets,-79,257,Draymond Green,42
Golden State Warriors,3/6/2017,2016,4,8,56,n,Pullup Jump shot,2PT Field Goal,5,Atlanta Hawks,-29,41,Draymond Green,40
Golden State Warriors,3/24/2017,2016,3,5,55,shot_yes,Pullup Jump shot,3PT Field Goal,27,Sacramento Kings,-161,218,Draymond Green,31
Golden State Warriors,2/1/2017,2016,2,10,18,shot_yes,Pullup Jump shot,3PT Field Goal,28,Charlotte Hornets,-129,252,Draymond Green,14
Golden State Warriors,12/5/2016,2016,3,11,45,n,Pullup Jump shot,3PT Field Goal,24,Indiana Pacers,-48,242,Draymond Green,25
Golden State Warriors,1/29/2017,2016,1,0,31,n,Pullup Jump shot,3PT Field Goal,28,Portland Trail Blazers,9,282,Draymond Green,12
Golden State Warriors,4/4/2017,2016,2,6,15,n,Pullup Jump shot,3PT Field Goal,25,Minnesota Timberwolves,27,257,Draymond Green,18
Golden State Warriors,12/3/2016,2016,2,5,24,shot_yes,Pullup Jump shot,3PT Field Goal,25,Phoenix Suns,25,252,Draymond Green,19
Golden State Warriors,3/24/2017,2016,3,2,6,n,Pullup Jump shot,3PT Field Goal,25,Sacramento Kings,125,219,Draymond Green,34
Golden State Warriors,12/30/2016,2016,2,5,7,shot_yes,Pullup Jump shot,3PT Field Goal,24,Dallas Mavericks,-143,205,Draymond Green,19
Golden State Warriors,3/24/2017,2016,3,1,40,shot_yes,Pullup Jump shot,3PT Field Goal,26,Sacramento Kings,60,257,Draymond Green,35
Golden State Warriors,2/23/2017,2016,2,1,58,shot_yes,Pullup Jump shot,3PT Field Goal,26,Los Angeles Clippers,-161,213,Draymond Green,23
Golden State Warriors,2/25/2017,2016,2,11,2,shot_yes,Pullup Jump shot,3PT Field Goal,27,Brooklyn Nets,117,247,Draymond Green,13
Golden State Warriors,3/24/2017,2016,2,5,3,n,Pullup Jump shot,3PT Field Goal,23,Sacramento Kings,-233,8,Draymond Green,19
Golden State Warriors,11/9/2016,2016,1,2,52,n,Pullup Jump shot,3PT Field Goal,26,Dallas Mavericks,-201,175,Draymond Green,10
Golden State Warriors,12/30/2016,2016,2,1,30,n,Pullup Jump shot,3PT Field Goal,25,Dallas Mavericks,-158,203,Draymond Green,23
Golden State Warriors,2/25/2017,2016,3,0,27,n,Pullup Jump shot,3PT Field Goal,26,Brooklyn Nets,-181,188,Draymond Green,36
Golden State Warriors,1/6/2017,2016,4,5,36,n,Pullup Jump shot,3PT Field Goal,26,Memphis Grizzlies,-127,229,Draymond Green,43
Golden State Warriors,3/24/2017,2016,3,6,42,shot_yes,Pullup Jump shot,3PT Field Goal,25,Sacramento Kings,181,175,Draymond Green,30
Golden State Warriors,11/9/2016,2016,2,7,27,shot_yes,Pullup Jump shot,3PT Field Goal,23,Dallas Mavericks,230,-1,Draymond Green,17
Golden State Warriors,11/9/2016,2016,1,9,42,shot_yes,Pullup Jump shot,3PT Field Goal,26,Dallas Mavericks,-165,210,Draymond Green,3
Golden State Warriors,11/9/2016,2016,1,3,17,shot_yes,Pullup Jump shot,3PT Field Goal,27,Dallas Mavericks,87,262,Draymond Green,9
Golden State Warriors,11/13/2016,2016,3,3,38,n,Pullup Jump shot,3PT Field Goal,25,Phoenix Suns,99,237,Draymond Green,33
Golden State Warriors,12/20/2016,2016,1,9,24,n,Pullup Jump shot,3PT Field Goal,25,Utah Jazz,15,259,Draymond Green,3
Golden State Warriors,11/28/2016,2016,4,5,17,n,Pullup Jump shot,3PT Field Goal,25,Atlanta Hawks,-173,185,Draymond Green,43
Golden State Warriors,11/28/2016,2016,2,3,52,n,Pullup Jump shot,3PT Field Goal,26,Atlanta Hawks,92,247,Draymond Green,21
Golden State Warriors,11/28/2016,2016,1,11,14,n,Pullup Jump shot,3PT Field Goal,25,Atlanta Hawks,109,228,Draymond Green,1
Golden State Warriors,12/28/2016,2016,1,5,23,shot_yes,Pullup Jump shot,3PT Field Goal,26,Toronto Raptors,-192,178,Draymond Green,7
Golden State Warriors,12/15/2016,2016,1,8,25,shot_yes,Pullup Jump shot,3PT Field Goal,25,New York Knicks,35,257,Draymond Green,4
Golden State Warriors,11/13/2016,2016,3,7,41,shot_yes,Pullup Jump shot,3PT Field Goal,26,Phoenix Suns,-161,213,Draymond Green,29
Golden State Warriors,12/10/2016,2016,3,6,6,shot_yes,Putback Dunk Shot,2PT Field Goal,0,Memphis Grizzlies,0,1,Draymond Green,30
Golden State Warriors,11/3/2016,2016,1,4,42,shot_yes,Putback Dunk Shot,2PT Field Goal,0,Oklahoma City Thunder,0,1,Draymond Green,8
Golden State Warriors,10/25/2016,2016,3,11,16,shot_yes,Putback Layup Shot,2PT Field Goal,0,San Antonio Spurs,2,7,Draymond Green,25
Golden State Warriors,12/10/2016,2016,2,2,18,n,Putback Layup Shot,2PT Field Goal,1,Memphis Grizzlies,-1,16,Draymond Green,22
Golden State Warriors,12/7/2016,2016,2,1,35,shot_yes,Putback Layup Shot,2PT Field Goal,2,Los Angeles Clippers,-1,21,Draymond Green,23
Golden State Warriors,11/3/2016,2016,1,5,0,shot_yes,Putback Layup Shot,2PT Field Goal,0,Oklahoma City Thunder,-2,7,Draymond Green,7
Golden State Warriors,3/28/2017,2016,4,3,48,shot_yes,Putback Layup Shot,2PT Field Goal,1,Houston Rockets,9,-5,Draymond Green,45
Golden State Warriors,11/13/2016,2016,1,2,21,shot_yes,Putback Layup Shot,2PT Field Goal,2,Phoenix Suns,-9,18,Draymond Green,10
Golden State Warriors,2/27/2017,2016,3,1,41,shot_yes,Putback Layup Shot,2PT Field Goal,0,Philadelphia 76ers,1,8,Draymond Green,35
Golden State Warriors,11/25/2016,2016,3,6,11,shot_yes,Reverse Layup Shot,2PT Field Goal,1,Los Angeles Lakers,18,-2,Draymond Green,30
Golden State Warriors,11/10/2016,2016,1,1,52,n,Reverse Layup Shot,2PT Field Goal,2,Denver Nuggets,-17,11,Draymond Green,11
Golden State Warriors,11/4/2016,2016,3,9,12,shot_yes,Running Dunk Shot,2PT Field Goal,0,Los Angeles Lakers,0,1,Draymond Green,27
Golden State Warriors,3/24/2017,2016,2,4,25,shot_yes,Running Dunk Shot,2PT Field Goal,0,Sacramento Kings,0,1,Draymond Green,20
Golden State Warriors,3/24/2017,2016,2,6,19,shot_yes,Running Dunk Shot,2PT Field Goal,0,Sacramento Kings,0,1,Draymond Green,18
Golden State Warriors,12/30/2016,2016,1,8,32,shot_yes,Running Dunk Shot,2PT Field Goal,0,Dallas Mavericks,0,1,Draymond Green,4
Golden State Warriors,1/18/2017,2016,1,8,45,shot_yes,Running Dunk Shot,2PT Field Goal,0,Oklahoma City Thunder,0,1,Draymond Green,4
Golden State Warriors,3/14/2017,2016,3,11,42,shot_yes,Running Dunk Shot,2PT Field Goal,0,Philadelphia 76ers,0,1,Draymond Green,25
Golden State Warriors,10/25/2016,2016,3,8,56,shot_yes,Running Dunk Shot,2PT Field Goal,0,San Antonio Spurs,0,1,Draymond Green,28
Golden State Warriors,10/30/2016,2016,3,2,59,shot_yes,Running Dunk Shot,2PT Field Goal,0,Phoenix Suns,-4,2,Draymond Green,34
Golden State Warriors,2/28/2017,2016,3,5,29,shot_yes,Running Dunk Shot,2PT Field Goal,0,Washington Wizards,0,1,Draymond Green,31
Golden State Warriors,12/20/2016,2016,2,2,7,shot_yes,Running Dunk Shot,2PT Field Goal,0,Utah Jazz,0,1,Draymond Green,22
Golden State Warriors,1/25/2017,2016,4,1,50,shot_yes,Running Dunk Shot,2PT Field Goal,0,Charlotte Hornets,0,1,Draymond Green,47
Golden State Warriors,11/23/2016,2016,2,0,27,shot_yes,Running Dunk Shot,2PT Field Goal,0,Los Angeles Lakers,0,1,Draymond Green,24
Golden State Warriors,2/10/2017,2016,2,0,39,shot_yes,Running Dunk Shot,2PT Field Goal,0,Memphis Grizzlies,0,1,Draymond Green,24
Golden State Warriors,3/26/2017,2016,1,7,51,shot_yes,Running Dunk Shot,2PT Field Goal,0,Memphis Grizzlies,0,1,Draymond Green,5
Golden State Warriors,12/20/2016,2016,3,5,15,shot_yes,Running Dunk Shot,2PT Field Goal,0,Utah Jazz,0,1,Draymond Green,31
Golden State Warriors,12/1/2016,2016,4,5,9,shot_yes,Running Finger Roll Layup Shot,2PT Field Goal,1,Houston Rockets,4,11,Draymond Green,43
Golden State Warriors,12/20/2016,2016,1,7,31,n,Running Finger Roll Layup Shot,2PT Field Goal,1,Utah Jazz,4,13,Draymond Green,5
Golden State Warriors,11/3/2016,2016,1,6,38,n,Running Jump Shot,2PT Field Goal,3,Oklahoma City Thunder,0,33,Draymond Green,6
Golden State Warriors,11/16/2016,2016,2,1,0,shot_yes,Running Layup Shot,2PT Field Goal,1,Toronto Raptors,15,11,Draymond Green,23
Golden State Warriors,12/28/2016,2016,1,11,26,shot_yes,Running Layup Shot,2PT Field Goal,0,Toronto Raptors,4,7,Draymond Green,1
Golden State Warriors,1/16/2017,2016,1,1,11,shot_yes,Running Layup Shot,2PT Field Goal,1,Cleveland Cavaliers,-4,11,Draymond Green,11
Golden State Warriors,2/27/2017,2016,1,0,33,shot_yes,Running Layup Shot,2PT Field Goal,2,Philadelphia 76ers,-6,21,Draymond Green,12
Golden State Warriors,11/28/2016,2016,2,3,3,n,Running Layup Shot,2PT Field Goal,0,Atlanta Hawks,1,7,Draymond Green,21
Golden State Warriors,12/1/2016,2016,2,1,0,shot_yes,Running Layup Shot,2PT Field Goal,0,Houston Rockets,0,3,Draymond Green,23
Golden State Warriors,12/28/2016,2016,3,2,10,shot_yes,Running Layup Shot,2PT Field Goal,0,Toronto Raptors,-1,2,Draymond Green,34
Golden State Warriors,11/4/2016,2016,3,3,17,shot_yes,Running Layup Shot,2PT Field Goal,0,Los Angeles Lakers,-8,1,Draymond Green,33
Golden State Warriors,2/25/2017,2016,1,9,59,n,Running Layup Shot,2PT Field Goal,2,Brooklyn Nets,-16,21,Draymond Green,3
Golden State Warriors,12/1/2016,2016,1,5,22,shot_yes,Running Layup Shot,2PT Field Goal,1,Houston Rockets,9,16,Draymond Green,7
Golden State Warriors,3/24/2017,2016,1,0,41,shot_yes,Running Layup Shot,2PT Field Goal,0,Sacramento Kings,9,3,Draymond Green,12
Golden State Warriors,1/8/2017,2016,3,10,4,shot_yes,Running Layup Shot,2PT Field Goal,2,Sacramento Kings,-17,16,Draymond Green,26
Golden State Warriors,1/2/2017,2016,3,1,55,n,Running Layup Shot,2PT Field Goal,1,Denver Nuggets,2,13,Draymond Green,35
Golden State Warriors,2/13/2017,2016,1,5,23,n,Running Layup Shot,2PT Field Goal,3,Denver Nuggets,-30,2,Draymond Green,7
Golden State Warriors,3/6/2017,2016,1,7,4,shot_yes,Running Layup Shot,2PT Field Goal,1,Atlanta Hawks,19,-1,Draymond Green,5
Golden State Warriors,10/25/2016,2016,2,5,31,shot_yes,Running Layup Shot,2PT Field Goal,2,San Antonio Spurs,-6,21,Draymond Green,19
Golden State Warriors,11/19/2016,2016,3,2,57,shot_yes,Running Layup Shot,2PT Field Goal,1,Milwaukee Bucks,-11,8,Draymond Green,34
Golden State Warriors,12/5/2016,2016,1,10,5,n,Running Layup Shot,2PT Field Goal,2,Indiana Pacers,22,18,Draymond Green,2
Golden State Warriors,3/2/2017,2016,1,0,41,n,Step Back Jump shot,3PT Field Goal,25,Chicago Bulls,-22,254,Draymond Green,12
Golden State Warriors,1/18/2017,2016,2,4,34,n,Step Back Jump shot,2PT Field Goal,18,Oklahoma City Thunder,94,159,Draymond Green,20
Golden State Warriors,3/28/2017,2016,2,0,32,n,Tip Layup Shot,2PT Field Goal,0,Houston Rockets,3,9,Draymond Green,24
Golden State Warriors,3/28/2017,2016,2,0,32,shot_yes,Tip Layup Shot,2PT Field Goal,0,Houston Rockets,-2,3,Draymond Green,24
Golden State Warriors,1/22/2017,2016,1,6,29,n,Tip Layup Shot,2PT Field Goal,0,Orlando Magic,-6,5,Draymond Green,6
Golden State Warriors,1/20/2017,2016,4,8,27,shot_yes,Tip Layup Shot,2PT Field Goal,0,Houston Rockets,6,3,Draymond Green,40
Golden State Warriors,3/14/2017,2016,3,6,27,n,Tip Layup Shot,2PT Field Goal,1,Philadelphia 76ers,-12,9,Draymond Green,30
Golden State Warriors,12/15/2016,2016,3,9,18,n,Tip Layup Shot,2PT Field Goal,0,New York Knicks,-1,9,Draymond Green,27
Golden State Warriors,12/15/2016,2016,3,9,19,n,Tip Layup Shot,2PT Field Goal,0,New York Knicks,1,8,Draymond Green,27
Golden State Warriors,12/15/2016,2016,4,3,19,n,Tip Layup Shot,2PT Field Goal,1,New York Knicks,0,18,Draymond Green,45
Golden State Warriors,12/30/2016,2016,3,1,46,n,Tip Layup Shot,2PT Field Goal,1,Dallas Mavericks,-17,3,Draymond Green,35
Golden State Warriors,1/2/2017,2016,4,0,28,shot_yes,Tip Layup Shot,2PT Field Goal,2,Denver Nuggets,-4,21,Draymond Green,48
Golden State Warriors,11/18/2016,2016,1,1,29,n,Tip Layup Shot,2PT Field Goal,1,Boston Celtics,-1,11,Draymond Green,11
Golden State Warriors,11/21/2016,2016,3,8,12,n,Tip Layup Shot,2PT Field Goal,1,Indiana Pacers,5,14,Draymond Green,28
Golden State Warriors,11/21/2016,2016,2,2,9,shot_yes,Tip Layup Shot,2PT Field Goal,0,Indiana Pacers,1,7,Draymond Green,22
Golden State Warriors,11/3/2016,2016,1,3,8,n,Tip Layup Shot,2PT Field Goal,1,Oklahoma City Thunder,-1,11,Draymond Green,9
Golden State Warriors,11/3/2016,2016,1,3,7,n,Tip Layup Shot,2PT Field Goal,1,Oklahoma City Thunder,-4,11,Draymond Green,9
Golden State Warriors,10/25/2016,2016,3,5,6,n,Tip Layup Shot,2PT Field Goal,1,San Antonio Spurs,-8,15,Draymond Green,31
Golden State Warriors,11/7/2016,2016,4,3,51,n,Tip Layup Shot,2PT Field Goal,1,New Orleans Pelicans,5,14,Draymond Green,45
Golden State Warriors,10/28/2016,2016,2,5,51,n,Tip Layup Shot,2PT Field Goal,1,New Orleans Pelicans,3,14,Draymond Green,19
Golden State Warriors,12/10/2016,2016,2,2,18,shot_yes,Tip Layup Shot,2PT Field Goal,1,Memphis Grizzlies,4,13,Draymond Green,22
Golden State Warriors,12/1/2016,2016,4,7,4,n,Tip Layup Shot,2PT Field Goal,2,Houston Rockets,-2,26,Draymond Green,41
Golden State Warriors,12/10/2016,2016,3,10,20,shot_yes,Tip Layup Shot,2PT Field Goal,1,Memphis Grizzlies,-7,11,Draymond Green,26
Golden State Warriors,3/26/2017,2016,3,0,32,n,Tip Layup Shot,2PT Field Goal,2,Memphis Grizzlies,-1,21,Draymond Green,36
Golden State Warriors,12/5/2016,2016,3,9,57,n,Tip Layup Shot,2PT Field Goal,1,Indiana Pacers,-1,16,Draymond Green,27
Golden State Warriors,10/28/2016,2016,1,11,43,n,Tip Layup Shot,2PT Field Goal,1,New Orleans Pelicans,-8,14,Draymond Green,1
Golden State Warriors,3/26/2017,2016,4,1,16,n,Tip Layup Shot,2PT Field Goal,1,Memphis Grizzlies,-10,14,Draymond Green,47
Golden State Warriors,10/25/2016,2016,3,8,35,n,Tip Layup Shot,2PT Field Goal,0,San Antonio Spurs,0,7,Draymond Green,28
Golden State Warriors,3/14/2017,2016,1,2,24,n,Turnaround Bank shot,2PT Field Goal,13,Philadelphia 76ers,114,80,Draymond Green,10
Golden State Warriors,3/26/2017,2016,1,1,36,n,Turnaround Bank shot,2PT Field Goal,5,Memphis Grizzlies,-7,51,Draymond Green,11
Golden State Warriors,3/26/2017,2016,2,5,59,shot_yes,Turnaround Jump Shot,2PT Field Goal,18,Memphis Grizzlies,138,121,Draymond Green,19
Golden State Warriors,3/29/2017,2016,2,7,37,shot_yes,Turnaround Jump Shot,2PT Field Goal,5,San Antonio Spurs,15,52,Draymond Green,17
Golden State Warriors,3/20/2017,2016,3,5,34,n,Turnaround Jump Shot,2PT Field Goal,9,Oklahoma City Thunder,56,77,Draymond Green,31
